State_Name,Year,Position,Candidate,Sex,Party,Candidate_Type,Constituency_Name,Constituency_Type,N_Cand,Turnout_Percentage,Vote_Share_Percentage,Last_Party
Andaman_&_Nicobar_Islands,2009,1,SHRI. BISHNU PADA RAY,M,BJP,GEN,ANDAMAN & NICOBAR ISLANDS,GEN,11,64.16,44.21,BJP
Andhra_Pradesh,2009,1,RATHOD RAMESH,M,TDP,ST,ADILABAD,ST,9,76.34,43.11,
Andhra_Pradesh,2009,1,DR.G.VIVEKANAND,M,INC,SC,PEDDAPALLE,SC,15,68.72,34.7,
Andhra_Pradesh,2009,1,PONNAM PRABHAKAR,M,INC,GEN,KARIMNAGAR,GEN,15,66.12,32.14,
Andhra_Pradesh,2009,1,MADHU YASKHI GOUD,M,INC,GEN,NIZAMABAD,GEN,12,66.72,33.33,INC
Andhra_Pradesh,2009,1,SURESH KUMAR SHETKAR,M,INC,GEN,ZAHIRABAD,GEN,10,74.82,38.9,
Andhra_Pradesh,2009,1,VIJAYA SHANTHI .M,F,TRS,GEN,MEDAK,GEN,9,76.29,36.67,
Andhra_Pradesh,2009,1,SARVEY SATHYANARAYANA,M,INC,SC,MALKAJGIRI,GEN,19,51.46,32.21,INC
Andhra_Pradesh,2009,1,ANJAN KUMAR YADAV M,M,INC,GEN,SECUNDRABAD,GEN,23,54.93,39.37,INC
Andhra_Pradesh,2009,1,ASADUDDIN OWAISI,M,AIMIM,GEN,HYDERABAD,GEN,23,52.48,42.14,AIMIM
Andhra_Pradesh,2009,1,JAIPAL REDDY SUDINI,M,INC,GEN,CHELVELLA,GEN,15,64.52,38.78,INC
Andhra_Pradesh,2009,1,K. CHANDRASEKHAR RAO,M,TRS,GEN,MAHBUBNAGAR,GEN,32,67.68,39.56,TRS
Andhra_Pradesh,2009,1,DR. MANDA JAGANNATH,M,INC,SC,NAGARKURNOOL,SC,13,70.21,41.23,TDP
Andhra_Pradesh,2009,1,GUTHA SUKENDER REDDY,M,INC,GEN,NALGONDA,GEN,14,74.14,45.78,TDP
Andhra_Pradesh,2009,1,KOMATIREDDY RAJ GOPAL REDDY,M,INC,GEN,BHONGIR,GEN,15,76.28,44.7,
Andhra_Pradesh,2009,1,RAJAIAH SIRICILLA,M,INC,SC,WARANGAL,SC,15,69.32,38.48,
Andhra_Pradesh,2009,1,P. BALRAM,M,INC,ST,MAHABUBABAD,ST,12,78.74,39.59,
Andhra_Pradesh,2009,1,NAMA NAGESWARA RAO,M,TDP,GEN,KHAMMAM,GEN,13,82.08,45.39,TDP
Andhra_Pradesh,2009,1,KISHORE CHANDRA SURYANARAYANA DEO VYRICHERLA,M,INC,ST,ARUKU,ST,11,67.01,45.49,INC
Andhra_Pradesh,2009,1,KILLI KRUPA RANI,F,INC,GEN,SRIKAKULAM,GEN,6,74.93,42.2,INC
Andhra_Pradesh,2009,1,JHANSI LAKSHMI BOTCHA,F,INC,GEN,VIZIANAGARAM,GEN,9,77.07,40.36,INC
Andhra_Pradesh,2009,1,DAGGUBATI PURANDESWARI,F,INC,GEN,VISAKHAPATNAM,GEN,15,72.96,36.43,
Andhra_Pradesh,2009,1,SABBAM HARI,M,INC,GEN,ANAKAPALLI,GEN,10,78.71,35.3,
Andhra_Pradesh,2009,1,M.M.PALLAMRAJU,M,INC,GEN,KAKINADA,GEN,16,76.32,33.51,
Andhra_Pradesh,2009,1,G.V.HARSHA KUMAR,M,INC,SC,AMALAPURAM,SC,11,80.28,35.99,INC
Andhra_Pradesh,2009,1,ARUNA KUMAR VUNDAVALLI,M,INC,GEN,RAJAHMUNDRY,GEN,13,80.72,35.12,INC
Andhra_Pradesh,2009,1,BAPIRAJU KANUMURU,M,INC,GEN,NARSAPURAM,GEN,10,84.47,39.3,INC
Andhra_Pradesh,2009,1,KAVURI SAMBASIVA RAO,M,INC,GEN,ELURU,GEN,12,84.59,39.28,AIIC(T)
Andhra_Pradesh,2009,1,KONAKALLA NARAYANA RAO,M,TDP,GEN,MACHILIPATNAM,GEN,10,83.6,39.19,
Andhra_Pradesh,2009,1,LAGADAPATI RAJA GOPAL,M,INC,GEN,VIJAYAWADA,GEN,20,77.61,39.46,INC
Andhra_Pradesh,2009,1,RAYAPATI SAMBASIVA RAO,M,INC,GEN,GUNTUR,GEN,10,76.53,38.66,INC
Andhra_Pradesh,2009,1,MODUGULA VENUGOPALA REDDY,M,TDP,GEN,NARASARAOPET,GEN,14,79.52,42.83,
Andhra_Pradesh,2009,1,PANABAKA LAKSHMI,F,INC,SC,BAPATLA,SC,10,78.97,44.15,INC
Andhra_Pradesh,2009,1,MAGUNTA SRINIVASULU REDDY,M,INC,GEN,ONGOLE,GEN,11,74.25,44.1,INC
Andhra_Pradesh,2009,1,S.P.Y.REDDY,M,INC,GEN,NANDYAL,GEN,21,73.22,40.21,INC
Andhra_Pradesh,2009,1,KOTLA JAYA SURYA PRAKASH REDDY,M,INC,GEN,KURNOOL,GEN,11,66.65,43.92,INC
Andhra_Pradesh,2009,1,ANANTHA VENKATA RAMI REDDY,M,INC,GEN,ANANTAPUR,GEN,12,70.86,45.78,INC
Andhra_Pradesh,2009,1,KRISTAPPA NIMMALA,M,TDP,GEN,HINDUPUR,GEN,10,74.51,42.45,
Andhra_Pradesh,2009,1,Y.S. JAGAN MOHAN REDDY,M,INC,GEN,KADAPA,GEN,20,76.15,52.87,
Andhra_Pradesh,2009,1,MEKAPATI RAJAMOHAN REDDY,M,INC,GEN,NELLORE,GEN,11,69.09,42.92,INC
Andhra_Pradesh,2009,1,CHINTA MOHAN,M,INC,SC,TIRUPATI,SC,10,72.46,40.36,INC
Andhra_Pradesh,2009,1,ANNAYYAGARI SAI PRATHAP,M,INC,GEN,RAJAMPET,GEN,15,75.92,42.58,INC
Andhra_Pradesh,2009,1,NARAMALLI SIVAPRASAD,M,TDP,SC,CHITTOOR,SC,7,80.84,41.59,
Arunachal_Pradesh,2009,1,TAKAM SANJOY,M,INC,ST,ARUNACHAL WEST,GEN,4,65.93,49.16,
Arunachal_Pradesh,2009,1,NINONG ERING,M,INC,ST,ARUNACHAL EAST,GEN,4,71.36,53.7,
Assam,2009,1,LALIT MOHAN SUKLABAIDYA,M,INC,SC,KARIMGANJ,SC,15,64.13,37.89,INC
Assam,2009,1,KABINDRA PURKAYASTHA,M,BJP,GEN,SILCHAR,GEN,16,70.37,35.37,BJP
Assam,2009,1,BIREN SINGH ENGTI,M,INC,ST,AUTONOMOUS DISTRICT,ST,6,69.3,41.17,INC
Assam,2009,1,BADRUDDIN AJMAL,M,AUDF,GEN,DHUBRI,GEN,10,76.31,51.66,
Assam,2009,1,SANSUMA KHUNGGUR BWISWMUTHIARY,M,BOPF,ST,KOKRAJHAR,ST,3,73.65,48.8,IND
Assam,2009,1,ISMAIL HUSSAIN,M,INC,GEN,BARPETA,GEN,14,72.7,35.75,INC
Assam,2009,1,BIJOYA CHAKRAVARTY,F,BJP,GEN,GAUHATI,GEN,12,64.32,44.74,BJP
Assam,2009,1,RAMEN DEKA,M,BJP,GEN,MANGALDOI,GEN,13,69.78,31.15,
Assam,2009,1,JOSEPH TOPPO,M,AGP,GEN,TEZPUR,GEN,15,69.66,41.78,
Assam,2009,1,RAJEN GOHAIN,M,BJP,GEN,NOWGONG,GEN,13,70.81,38.11,BJP
Assam,2009,1,DIP GOGOI,M,INC,GEN,KALIABOR,GEN,8,71.24,45.25,INC
Assam,2009,1,BIJOY KRISHNA HANDIQUE,M,INC,GEN,JORHAT,GEN,8,64.57,47.46,INC
Assam,2009,1,PABAN SINGH GHATOWAR,M,INC,GEN,DIBRUGARH,GEN,10,67.29,47.87,INC
Assam,2009,1,RANEE NARAH,F,INC,GEN,LAKHIMPUR,GEN,15,68.26,38.73,INC
Bihar,2009,1,BAIDYANATH PRASAD MAHTO,M,JD(U),GEN,VALMIKI NAGAR,GEN,16,46.91,46.4,
Bihar,2009,1,DR. SANJAY JAISWAL,M,BJP,GEN,PASCHIM CHAMPARAN,GEN,11,42.22,38.56,
Bihar,2009,1,RADHA MOHAN SINGH,M,BJP,GEN,PURVI CHAMPARAN,GEN,12,40.59,41.74,BJP
Bihar,2009,1,RAMA DEVI,F,BJP,GEN,SHEOHAR,GEN,15,45.09,40.8,RJD
Bihar,2009,1,ARJUN ROY,M,JD(U),GEN,SITAMARHI,GEN,16,42.54,40.36,
Bihar,2009,1,HUKMADEO NARAYAN YADAV,M,BJP,GEN,MADHUBANI,GEN,14,39.83,29.48,BJP
Bihar,2009,1,MANGANI LAL MANDAL,M,JD(U),GEN,JHANJHARPUR,GEN,11,42.84,43.63,
Bihar,2009,1,VISHWA MOHAN KUMAR,M,JD(U),GEN,SUPAUL,GEN,16,54.52,44.96,
Bihar,2009,1,PRADEEP KUMAR SINGH,M,BJP,GEN,ARARIA,GEN,25,55.71,38.71,IND
Bihar,2009,1,MOHAMMAD ASRARUL HAQUE,M,INC,GEN,KISHANGANJ,GEN,15,52.84,38.19,
Bihar,2009,1,NIKHIL KUMAR CHOUDHARY,M,BJP,GEN,KATIHAR,GEN,16,56.95,37.23,BJP
Bihar,2009,1,UDAY SINGH ALIAS PAPPU SINGH,M,BJP,GEN,PURNIA,GEN,20,53.99,51.5,BJP
Bihar,2009,1,SHARAD YADAV,M,JD(U),GEN,MADHEPURA,GEN,17,50.15,48.99,JD(U)
Bihar,2009,1,KIRTI AZAD,M,BJP,GEN,DARBHANGA,GEN,14,41.75,43.85,BJP
Bihar,2009,1,CAPTAIN  JAI NARAYAN PRASAD NISHAD,M,JD(U),GEN,MUZAFFARPUR,GEN,24,46.41,31.37,JD(U)
Bihar,2009,1,RAGHUVANSH PRASAD SINGH,M,RJD,GEN,VAISHALI,GEN,12,48.86,45.53,RJD
Bihar,2009,1,PURNMASI RAM,M,JD(U),SC,GOPALGANJ,SC,16,37.4,39.64,
Bihar,2009,1,OM PRAKASH YADAV,M,IND,GEN,SIWAN,GEN,15,50.05,36.8,JD(U)
Bihar,2009,1,UMA SHANAKER SINGH,M,RJD,GEN,MAHARAJGANJ,GEN,13,45.69,35.3,
Bihar,2009,1,LALU PRASAD,M,RJD,GEN,SARAN,GEN,12,45.79,47.21,RJD
Bihar,2009,1,RAM SUNDAR DAS,M,JD(U),SC,HAJIPUR,SC,11,41.83,44.44,SJP(R)
Bihar,2009,1,ASWAMEDH DEVI,F,JD(U),GEN,UJIARPUR,GEN,22,45.89,31.92,
Bihar,2009,1,MAHESHWAR HAZARI,M,JD(U),SC,SAMASTIPUR,SC,11,44.54,44.37,
Bihar,2009,1,DR. MONAZIR HASSAN,M,JD(U),GEN,BEGUSARAI,GEN,19,48.75,28.64,JD(U)
Bihar,2009,1,DINESH CHANDRA YADAV,M,JD(U),GEN,KHAGARIA,GEN,18,46.54,42.72,JD(U)
Bihar,2009,1,SYED SHAHNAWAZ HUSSAIN,M,BJP,GEN,BHAGALPUR,GEN,21,43.89,36.3,BJP
Bihar,2009,1,DIGVIJAY SINGH,M,IND,GEN,BANKA,GEN,16,48.74,28.48,
Bihar,2009,1,RAJIV RANJAN SINGH ALIAS LALAN SINGH,M,JD(U),GEN,MUNGER,GEN,20,41.61,57.5,JD(U)
Bihar,2009,1,KAUSHALENDRA KUMAR,M,JD(U),GEN,NALANDA,GEN,25,33.05,52.65,
Bihar,2009,1,SHATRUGHAN SINHA,M,BJP,GEN,PATNA SAHIB,GEN,16,33.64,57.3,
Bihar,2009,1,RANJAN PRASAD YADAV,M,JD(U),GEN,PATALIPUTRA,GEN,16,41.17,42.86,SPVD
Bihar,2009,1,MEENA SINGH,F,JD(U),GEN,ARRAH,GEN,16,35.78,38.24,
Bihar,2009,1,JAGADA NAND SINGH,M,RJD,GEN,BUXAR,GEN,22,46.51,21.27,
Bihar,2009,1,MEIRA KUMAR,F,INC,SC,SASARAM,SC,16,42.7,32.09,INC
Bihar,2009,1,MAHABALI SINGH,M,JD(U),GEN,KARAKAT,GEN,16,41.61,34.13,
Bihar,2009,1,JAGDISH SHARMA,M,JD(U),GEN,JAHANABAD,GEN,25,46.93,39.18,
Bihar,2009,1,SUSHIL KUMAR SINGH,M,JD(U),GEN,AURANGABAD,GEN,16,43.47,43.48,JD(U)
Bihar,2009,1,HARI MANJHI,M,BJP,SC,GAYA,SC,16,42.45,43.65,
Bihar,2009,1,BHOLA SINGH,M,BJP,GEN,NAWADA,GEN,21,41.62,22.46,
Bihar,2009,1,BHUDEO CHOUDHARY,M,JD(U),SC,JAMUI,SC,19,38.13,33.36,
Chandigarh,2009,1,PAWAN KUMAR BANSAL,M,INC,GEN,CHANDIGARH,GEN,14,65.51,46.87,INC
Chhattisgarh,2009,1,MURARILAL SINGH,M,BJP,ST,SARGUJA,ST,16,61.62,51.73,
Chhattisgarh,2009,1,VISHNU DEO SAI,M,BJP,ST,RAIGARH,ST,10,65.31,47.44,BJP
Chhattisgarh,2009,1,SHRIMATI KAMLA DEVI PATLE,F,BJP,SC,JANJGIR-CHAMPA,SC,12,48.57,40.96,
Chhattisgarh,2009,1,CHARAN DAS MAHANT,M,INC,GEN,KORBA,GEN,18,58.41,42.2,INC
Chhattisgarh,2009,1,DILIP SINGH JUDEV,M,BJP,GEN,BILASPUR,GEN,28,52.28,45.18,BJP
Chhattisgarh,2009,1,MADHUSUDAN YADAV,M,BJP,GEN,RAJNANDGAON,GEN,14,58.86,52.7,
Chhattisgarh,2009,1,SAROJ PANDEY,F,BJP,GEN,DURG,GEN,15,55.88,31.27,
Chhattisgarh,2009,1,RAMESH BAIS,M,BJP,GEN,RAIPUR,GEN,32,46.99,49.19,BJP
Chhattisgarh,2009,1,CHANDULAL SAHU (CHANDU BHAIYA),M,BJP,GEN,MAHASAMUND,GEN,15,56.69,47.82,
Chhattisgarh,2009,1,BALIRAM KASHYAP,M,BJP,ST,BASTAR,ST,7,47.33,44.16,BJP
Chhattisgarh,2009,1,SOHAN POTAI,M,BJP,ST,KANKER,ST,11,57.2,45.99,BJP
Dadra_&_Nagar_Haveli,2009,1,PATEL NATUBHAI GOMANBHAI,M,BJP,ST,DADAR & NAGAR HAVELI,ST,5,73.23,46.43,
Daman_&_Diu,2009,1,LALUBHAI PATEL,M,BJP,GEN,DAMAN & DIU,GEN,7,71.32,65.49,
Delhi,2009,1,KAPIL SIBAL,M,INC,GEN,CHANDNI CHOWK,GEN,41,55.21,59.67,INC
Delhi,2009,1,JAI PRAKASH AGARWAL,M,INC,GEN,NORTH EAST DELHI,GEN,16,52.35,59.03,INC
Delhi,2009,1,SANDEEP DIKSHIT,M,INC,GEN,EAST DELHI,GEN,17,53.43,60.41,INC
Delhi,2009,1,AJAY MAKAN,M,INC,GEN,NEW DELHI,GEN,40,55.71,59.59,INC
Delhi,2009,1,KRISHNA TIRATH,F,INC,SC,NORTH WEST  DELHI,SC,16,47.69,56.84,INC
Delhi,2009,1,MAHABAL MISHRA,M,INC,GEN,WEST  DELHI,GEN,15,52.34,54.32,
Delhi,2009,1,RAMESH KUMAR,M,INC,GEN,SOUTH DELHI,GEN,15,47.41,49.27,
Goa,2009,1,SHRIPAD YESSO NAIK,M,BJP,GEN,NORTH GOA,GEN,7,60.02,47.12,BJP
Goa,2009,1,COSME FRANCISCO CAITANO SARDINHA,M,INC,GEN,SOUTH GOA,GEN,11,50.95,46.88,INC
Gujarat,2009,1,JAT POONAMBEN VELJIBHAI,F,BJP,SC,KACHCHH,SC,17,42.55,50.58,
Gujarat,2009,1,GADHVI MUKESHKUMAR BHEIRAVDANJI,M,INC,GEN,BANASKANTHA,GEN,15,49.83,44.78,
Gujarat,2009,1,JAGDISH THAKOR,M,INC,GEN,PATAN,GEN,16,44.67,44.82,
Gujarat,2009,1,PATEL JAYSHREEBEN KANUBHAI,F,BJP,GEN,MAHESANA,GEN,12,49.69,48.31,
Gujarat,2009,1,CHAUHAN MAHENDRASINH,M,BJP,GEN,SABARKANTHA,GEN,12,49.41,47.02,
Gujarat,2009,1,L.K.ADVANI,M,BJP,GEN,GANDHINAGAR,GEN,19,50.83,54.89,BJP
Gujarat,2009,1,HARIN PATHAK,M,BJP,GEN,AHMEDABAD EAST,GEN,18,42.32,53.37,BJP
Gujarat,2009,1,DR. SOLANKI KIRITBHAI PREMAJIBHAI,M,BJP,SC,AHMEDABAD WEST,SC,16,48.22,54.61,
Gujarat,2009,1,KOLI PATEL SOMABHAI GANDALAL,M,INC,GEN,SURENDRANAGAR,GEN,20,39.73,42.25,BJP
Gujarat,2009,1,KUVARJIBHAI MOHANBHAI BAVALIA,M,INC,GEN,RAJKOT,GEN,27,44.64,47.34,
Gujarat,2009,1,RADADIYA VITTHALBHAI HANSRAJBHAI,M,INC,GEN,PORBANDAR,GEN,7,47.67,49.87,INC
Gujarat,2009,1,AHIR VIKRAMBHAI ARJANBHAI MADAM,M,INC,GEN,JAMNAGAR,GEN,22,45.79,47.33,INC
Gujarat,2009,1,SOLANKI DINUBHAI BOGHABHAI,M,BJP,GEN,JUNAGADH,GEN,16,57.88,46.75,
Gujarat,2009,1,KACHHADIA NARANBHAI,M,BJP,GEN,AMRELI,GEN,16,39.96,47.21,
Gujarat,2009,1,RAJENDRASINH GHANSHYAMSINH RANA (RAJUBHAI RANA),M,BJP,GEN,BHAVNAGAR,GEN,16,45.11,34.23,BJP
Gujarat,2009,1,SOLANKI BHARATBHAI MADHAVSINH,M,INC,GEN,ANAND,GEN,15,48.39,51.57,INC
Gujarat,2009,1,DINSHA PATEL,M,INC,GEN,KHEDA,GEN,9,41.6,47.12,INC
Gujarat,2009,1,CHAUHAN PRABHATSINH PRATAPSINH,M,BJP,GEN,PANCHMAHAL,GEN,5,42.62,46.5,INC
Gujarat,2009,1,DR. PRABHA KISHOR TAVIAD,F,INC,ST,DAHOD,ST,7,44.73,46.89,INC
Gujarat,2009,1,BALKRISHNA  KHANDERAO SHUKLA (BALU SHUKLA),M,BJP,GEN,VADODARA,GEN,7,49.02,57.4,
Gujarat,2009,1,RATHWA RAMSINGBHAI PATALBHAI,M,BJP,ST,CHHOTA UDAIPUR,ST,4,54.18,46.2,BJP
Gujarat,2009,1,MANSUKHBHAI DHANJIBHAI VASAVA,M,BJP,GEN,BHARUCH,GEN,15,57.14,41.5,BJP
Gujarat,2009,1,CHAUDHARI TUSHARBHAI AMRASINHBHAI,M,INC,ST,BARDOLI,ST,12,57.81,47.86,INC
Gujarat,2009,1,SHRIMATI DARSHANA VIKRAM JARDOSH,F,BJP,GEN,SURAT,GEN,15,48.97,52.45,
Gujarat,2009,1,C. R. PATIL,M,BJP,GEN,NAVSARI,GEN,14,46.66,55.89,
Gujarat,2009,1,KISHANBHAI VESTABHAI PATEL,M,INC,ST,VALSAD,ST,7,56.11,46.2,INC
Haryana,2009,1,SELJA,F,INC,SC,AMBALA,SC,7,68.51,37.19,INC
Haryana,2009,1,NAVEEN JINDAL,M,INC,GEN,KURUKSHETRA,GEN,14,75.04,45.37,INC
Haryana,2009,1,ASHOK TANWAR,M,INC,SC,SIRSA,SC,15,74.93,42.35,
Haryana,2009,1,BHAJAN LAL S/O KHERAJ,M,HJCBL,GEN,HISAR,GEN,38,69.35,29.99,INC
Haryana,2009,1,ARVIND KUMAR SHARMA,M,INC,GEN,KARNAL,GEN,23,66.64,37.57,INC
Haryana,2009,1,JITENDER SINGH,M,INC,GEN,SONIPAT,GEN,21,64.75,47.57,
Haryana,2009,1,DEEPENDER SINGH,M,INC,GEN,ROHTAK,GEN,16,65.56,69.98,INC
Haryana,2009,1,SHRUTI CHOUDHRY,F,INC,GEN,BHIWANI-MAHENDRAGARH,GEN,29,71.29,35.03,
Haryana,2009,1,INDERJIT SINGH,M,INC,GEN,GURGAON,GEN,24,60.77,36.83,
Haryana,2009,1,AVTAR SINGH BHADANA,M,INC,GEN,FARIDABAD,GEN,23,56.66,41.26,INC
Himachal_Pradesh,2009,1,DR. RAJAN SUSHANT,M,BJP,GEN,KANGRA,GEN,10,55.15,48.69,RNP
Himachal_Pradesh,2009,1,VIRBHADRA SINGH,M,INC,GEN,MANDI,GEN,6,64.09,47.82,INC(I)
Himachal_Pradesh,2009,1,ANURAG SINGH THAKUR,M,BJP,GEN,HAMIRPUR,GEN,8,58.85,53.47,BJP
Himachal_Pradesh,2009,1,VIRENDER KASHYAP,M,BJP,SC,SHIMLA,SC,7,55.73,50.42,BJP
Jammu_&_Kashmir,2009,1,SHARIEF UD DIN SHARIQ,M,JKN,GEN,BARAMULLA,GEN,13,41.84,46.01,
Jammu_&_Kashmir,2009,1,FAROOQ ABDULLAH,M,JKN,GEN,SRINAGAR,GEN,15,25.55,52.0,JKN
Jammu_&_Kashmir,2009,1,MIRZA MEHBOOB BEG,M,JKN,GEN,ANANTNAG,GEN,13,27.1,46.53,
Jammu_&_Kashmir,2009,1,HASSAN KHAN,M,IND,ST,LADAKH,GEN,5,71.86,29.84,JKN
Jammu_&_Kashmir,2009,1,CH. LAL SINGH,M,INC,GEN,UDHAMPUR,GEN,14,44.88,37.9,INC
Jammu_&_Kashmir,2009,1,MADAN LAL SHARMA,M,INC,GEN,JAMMU,GEN,21,49.03,45.33,INC
Jharkhand,2009,1,DEVIDHAN BESRA,M,BJP,ST,RAJMAHAL,ST,12,55.18,26.12,
Jharkhand,2009,1,SHIBU SOREN,M,JMM,ST,DUMKA,ST,19,55.13,33.52,JMM
Jharkhand,2009,1,NISHIKANT DUBEY,M,BJP,GEN,GODDA,GEN,23,56.48,23.76,
Jharkhand,2009,1,INDER SINGH NAMDHARI,M,IND,GEN,CHATRA,GEN,11,45.67,22.86,JD(U)
Jharkhand,2009,1,BABULAL MARANDI,M,JVM,ST,KODARMA,GEN,16,56.14,25.55,IND
Jharkhand,2009,1,RAVINDRA KUMAR PANDEY,M,BJP,GEN,GIRIDIH,GEN,17,45.98,37.7,BJP
Jharkhand,2009,1,PASHUPATI NATH SINGH,M,BJP,GEN,DHANBAD,GEN,32,45.03,32.03,
Jharkhand,2009,1,SUBODH KANT SAHAY,M,INC,GEN,RANCHI,GEN,26,44.56,42.88,INC
Jharkhand,2009,1,ARJUN MUNDA,M,BJP,ST,JAMSHEDPUR,GEN,26,51.12,45.3,
Jharkhand,2009,1,MADHU KORA,M,IND,ST,SINGHBHUM,ST,9,60.57,44.29,
Jharkhand,2009,1,KARIA MUNDA,M,BJP,ST,KHUNTI,ST,9,52.03,41.19,BJP
Jharkhand,2009,1,SUDARSHAN BHAGAT,M,BJP,ST,LOHARDAGA,ST,15,53.21,27.69,
Jharkhand,2009,1,KAMESHWAR BAITHA,M,JMM,SC,PALAMAU,SC,21,45.95,25.8,BSP
Jharkhand,2009,1,YASHWANT SINHA,M,BJP,GEN,HAZARIBAGH,GEN,13,53.08,31.81,BJP
Karnataka,2009,1,KATTI RAMESH VISHWANATH,M,BJP,GEN,CHIKKODI,GEN,7,67.56,50.48,
Karnataka,2009,1,ANGADI SURESH CHANNABASAPPA,M,BJP,GEN,BELGAUM,GEN,10,54.75,50.93,BJP
Karnataka,2009,1,GADDIGOUDAR P.C.,M,BJP,GEN,BAGALKOT,GEN,17,63.07,48.06,BJP
Karnataka,2009,1,RAMESH CHANDAPPA JIGAJINAGI,M,BJP,SC,BIJAPUR,SC,10,47.29,47.56,BJP
Karnataka,2009,1,MALLIKARJUN KHARGE,M,INC,SC,GULBARGA,SC,10,49.19,45.46,
Karnataka,2009,1,PAKKIRAPPA.S.,M,BJP,ST,RAICHUR,ST,8,45.9,46.38,
Karnataka,2009,1,N.DHARAM SINGH,M,INC,GEN,BIDAR,GEN,27,52.99,43.37,INC(I)
Karnataka,2009,1,SHIVARAMAGOUDA SHIVANAGOUDA,M,BJP,GEN,KOPPAL,GEN,18,55.35,38.65,
Karnataka,2009,1,J. SHANTHA,F,BJP,ST,BELLARY,ST,7,61.44,46.72,
Karnataka,2009,1,UDASI SHIVKUMAR CHANABASAPPA,M,BJP,GEN,HAVERI,GEN,12,63.59,49.33,
Karnataka,2009,1,PRALHAD JOSHI,M,BJP,GEN,DHARWAD,GEN,16,56.55,55.97,BJP
Karnataka,2009,1,ANANTKUMAR HEGDE,M,BJP,GEN,UTTARA KANNADA,GEN,11,59.09,44.63,BJP
Karnataka,2009,1,G.M. SIDDESWARA,M,BJP,GEN,DAVANAGERE,GEN,28,67.46,46.67,BJP
Karnataka,2009,1,B.Y. RAGHAVENDRA,M,BJP,GEN,SHIMOGA,GEN,12,66.47,50.58,
Karnataka,2009,1,D.V.SADANANDA GOWDA,M,BJP,GEN,UDUPI CHIKMAGALUR,GEN,9,68.18,48.09,BJP
Karnataka,2009,1,H. D. DEVEGOWDA,M,JD(S),GEN,HASSAN,GEN,13,69.17,50.64,JD(S)
Karnataka,2009,1,NALIN KUMAR KATEEL,M,BJP,GEN,DAKSHINA KANNADA,GEN,11,74.45,49.16,
Karnataka,2009,1,JANARDHANA SWAMY,M,BJP,SC,CHITRADURGA,SC,11,54.49,44.37,IND
Karnataka,2009,1,G.S. BASAVARAJ,M,BJP,GEN,TUMKUR,GEN,10,64.79,36.79,INC
Karnataka,2009,1,N CHELUVARAYA SWAMY @ SWAMYGOWDA,M,JD(S),GEN,MANDYA,GEN,12,68.79,37.26,
Karnataka,2009,1,ADAGUR H VISHWANATH,M,INC,GEN,MYSORE,GEN,12,58.88,36.43,
Karnataka,2009,1,R.DHRUVANARAYANA,M,INC,SC,CHAMARAJANAGAR,SC,14,67.91,38.0,
Karnataka,2009,1,H.D.KUMARASWAMY,M,JD(S),GEN,BANGALORE RURAL,GEN,15,57.92,44.73,JD(S)
Karnataka,2009,1,D. B. CHANDRE GOWDA,M,BJP,GEN,BANGALORE NORTH,GEN,28,46.72,45.22,INC
Karnataka,2009,1,P. C. MOHAN,M,BJP,GEN,BANGALORE CENTRAL,GEN,37,44.55,40.16,BJP
Karnataka,2009,1,ANANTH KUMAR,M,BJP,GEN,BANGALORE SOUTH,GEN,20,44.74,48.2,BJP
Karnataka,2009,1,M.VEERAPPA MOILY,M,INC,GEN,CHIKKBALLAPUR,GEN,20,68.09,39.9,INC
Karnataka,2009,1,K.H.MUNIYAPPA,M,INC,SC,KOLAR,SC,22,69.15,37.18,INC
Kerala,2009,1,P KARUNAKARAN,M,CPM,GEN,KASARAGOD,GEN,7,76.05,45.51,CPM
Kerala,2009,1,K. SUDHAKARAN,M,INC,GEN,KANNUR,GEN,9,80.75,50.11,
Kerala,2009,1,MULLAPPALLY RAMACHANDRAN,M,INC,GEN,VADAKARA,GEN,8,80.55,48.82,INC
Kerala,2009,1,M.I. SHANAVAS,M,INC,GEN,WAYANAD,GEN,13,74.74,49.86,INC
Kerala,2009,1,M.K. RAGHAVAN,M,INC,GEN,KOZHIKODE,GEN,16,75.68,42.92,
Kerala,2009,1,E. AHAMED,M,MUL,GEN,MALAPPURAM,GEN,4,76.81,54.64,MUL
Kerala,2009,1,E.T. MUHAMMED BASHEER,M,MUL,GEN,PONNANI,GEN,13,77.17,50.14,
Kerala,2009,1,M.B. RAJESH,M,CPM,GEN,PALAKKAD,GEN,10,73.47,42.81,
Kerala,2009,1,P.K BIJU,M,CPM,SC,ALATHUR,SC,9,75.27,46.75,
Kerala,2009,1,P C CHACKO,M,INC,GEN,THRISSUR,GEN,11,69.48,47.23,INC
Kerala,2009,1,K.P. DHANAPALAN,M,INC,GEN,CHALAKUDY,GEN,11,73.72,50.33,
Kerala,2009,1,PROF. K V THOMAS,M,INC,GEN,ERNAKULAM,GEN,10,72.81,46.03,INC
Kerala,2009,1,ADV. P.T THOMAS,M,INC,GEN,IDUKKI,GEN,10,73.94,51.98,
Kerala,2009,1,JOSE K.MANI (KARINGOZHECKAL),M,KEC(M),GEN,KOTTAYAM,GEN,20,73.76,50.13,KEC(M)
Kerala,2009,1,K.C VENUGOPAL,M,INC,GEN,ALAPPUZHA,GEN,6,79.15,51.62,INC
Kerala,2009,1,KODIKKUNNIL SURESH,M,INC,SC,MAVELIKKARA,SC,7,70.32,49.42,INC
Kerala,2009,1,ANTO ANTONY PUNNATHANIYIL,M,INC,GEN,PATHANAMTHITTA,GEN,12,65.7,51.21,INC
Kerala,2009,1,N.PEETHAMBARAKURUP,M,INC,GEN,KOLLAM,GEN,11,67.84,47.52,
Kerala,2009,1,ADV. A SAMPATH,M,CPM,GEN,ATTINGAL,GEN,14,66.25,45.37,CPM
Kerala,2009,1,SHASHI THAROOR,M,INC,GEN,THIRUVANANTHAPURAM,GEN,16,65.74,44.29,
Lakshadweep,2009,1,HAMDULLAH SAYEED,M,INC,ST,LAKSHADWEEP,ST,4,85.9,51.88,
Madhya_Pradesh,2009,1,NARENDRA SINGH TOMAR,M,BJP,GEN,MORENA,GEN,24,53.04,42.3,
Madhya_Pradesh,2009,1,ASHOK ARGAL,M,BJP,SC,BHIND,SC,13,38.39,43.41,BJP
Madhya_Pradesh,2009,1,YASHODHARA RAJE SCINDIA,F,BJP,GEN,GWALIOR,GEN,23,41.12,43.19,BJP
Madhya_Pradesh,2009,1,JYOTIRADITYA MADHAVRAO SCINDIA,M,INC,GEN,GUNA,GEN,18,54.03,63.6,INC
Madhya_Pradesh,2009,1,BHUPENDRA SINGH,M,BJP,GEN,SAGAR,GEN,12,48.12,56.8,
Madhya_Pradesh,2009,1,VIRENDRA KUMAR,M,BJP,SC,TIKAMGARH,SC,17,43.42,38.1,
Madhya_Pradesh,2009,1,SHIVRAJ BHAIYA,M,BJP,GEN,DAMOH,GEN,21,44.12,50.52,
Madhya_Pradesh,2009,1,JEETENDRA SINGH BUNDELA,M,BJP,GEN,KHAJURAHO,GEN,15,43.21,39.34,
Madhya_Pradesh,2009,1,GANESH SINGH,M,BJP,GEN,SATNA,GEN,21,54.63,29.51,BJP
Madhya_Pradesh,2009,1,DEORAJ SINGH PATEL,M,BSP,GEN,REWA,GEN,15,48.34,28.49,
Madhya_Pradesh,2009,1,GOVIND PRASAD MISHRA,M,BJP,GEN,SIDHI,GEN,11,49.75,40.09,
Madhya_Pradesh,2009,1,RAJESH NANDINI SINGH,F,INC,ST,SHAHDOL,ST,8,49.46,41.86,INC
Madhya_Pradesh,2009,1,RAKESH SINGH,M,BJP,GEN,JABALPUR,GEN,11,43.8,54.29,BJP
Madhya_Pradesh,2009,1,BASORI SINGH MASRAM,M,INC,ST,MANDLA,ST,14,56.25,45.5,
Madhya_Pradesh,2009,1,K. D. DESHMUKH,M,BJP,GEN,BALAGHAT,GEN,18,56.49,39.65,JD
Madhya_Pradesh,2009,1,KAMAL NATH,M,INC,GEN,CHHINDWARA,GEN,28,71.85,49.41,INC
Madhya_Pradesh,2009,1,UDAY PRATAP SINGH,M,INC,GEN,HOSHANGABAD,GEN,10,54.82,47.73,
Madhya_Pradesh,2009,1,SUSHMA SWARAJ,F,BJP,GEN,VIDISHA,GEN,8,45.09,78.8,BJP
Madhya_Pradesh,2009,1,KAILASH JOSHI,M,BJP,GEN,BHOPAL,GEN,23,45.07,50.95,BJP
Madhya_Pradesh,2009,1,NARAYANSINGH AMLABE,M,INC,GEN,RAJGARH,GEN,9,51.57,49.11,
Madhya_Pradesh,2009,1,SAJJAN SINGH VERMA,M,INC,SC,DEWAS,SC,10,60.35,48.08,INC
Madhya_Pradesh,2009,1,GUDDU PREMCHAND,M,INC,SC,UJJAIN,SC,9,53.25,48.97,INC
Madhya_Pradesh,2009,1,MEENAKSHI NATRAJAN,F,INC,GEN,MANDSOUR,GEN,12,55.83,48.8,
Madhya_Pradesh,2009,1,KANTILAL BHURIA,M,INC,ST,RATLAM,ST,10,50.93,48.46,INC
Madhya_Pradesh,2009,1,GAJENDRA SINGH RAJUKHEDI,M,INC,ST,DHAR,ST,11,54.69,46.23,INC
Madhya_Pradesh,2009,1,SUMITRA MAHAJAN (TAI),F,BJP,GEN,INDORE,GEN,18,50.76,48.77,BJP
Madhya_Pradesh,2009,1,MAKANSINGH SOLANKI (BABUJI),M,BJP,ST,KHARGONE,ST,11,60.18,46.19,
Madhya_Pradesh,2009,1,ARUN SUBHASHCHANDRA YADAV,M,INC,GEN,KHANDWA,GEN,13,59.94,48.53,INC
Madhya_Pradesh,2009,1,JYOTI DHURVE,F,BJP,ST,BETUL,ST,16,49.47,52.62,
Maharashtra,2009,1,GAVIT MANIKRAO HODLYA,M,INC,ST,NANDURBAR,ST,7,52.64,36.01,INC
Maharashtra,2009,1,SONAWANE PRATAP NARAYANRAO,M,BJP,GEN,DHULE,GEN,15,42.53,39.3,
Maharashtra,2009,1,A.T. NANA PATIL,M,BJP,GEN,JALGAON,GEN,13,42.38,52.34,
Maharashtra,2009,1,HARIBHAU MADHAV JAWALE,M,BJP,GEN,RAVER,GEN,19,50.75,45.67,BJP
Maharashtra,2009,1,JADHAV PRATAPRAO GANPATRAO,M,SHS,GEN,BULDHANA,GEN,15,61.7,41.46,
Maharashtra,2009,1,DHOTRE SANJAY SHAMRAO,M,BJP,GEN,AKOLA,GEN,11,49.91,38.91,BJP
Maharashtra,2009,1,ADSUL ANANDRAO VITHOBA,M,SHS,SC,AMRAVATI,SC,22,51.44,42.91,SHS
Maharashtra,2009,1,DATTA MEGHE,M,INC,GEN,WARDHA,GEN,16,54.6,45.88,NCP
Maharashtra,2009,1,WASNIK MUKUL BALKRISHNA,M,INC,SC,RAMTEK,SC,20,50.88,40.75,INC
Maharashtra,2009,1,MUTTEMWAR VILASRAO BABURAOJI,M,INC,GEN,NAGPUR,GEN,27,43.44,41.72,INC
Maharashtra,2009,1,PATEL PRAFUL MANOHARBHAI,M,NCP,GEN,BHANDARA - GONDIYA,GEN,21,71.06,47.52,NCP
Maharashtra,2009,1,KOWASE MAROTRAO SAINUJI,M,INC,ST,GADCHIROLI-CHIMUR,ST,11,65.14,38.43,
Maharashtra,2009,1,AHIR HANSARAJ GANGARAM,M,BJP,GEN,CHANDRAPUR,GEN,23,58.48,33.55,BJP
Maharashtra,2009,1,BHAVANA GAWALI (PATIL),F,SHS,GEN,YAVATMAL-WASHIM,GEN,28,54.06,45.76,SHS
Maharashtra,2009,1,SUBHASH BAPURAO WANKHEDE,M,SHS,GEN,HINGOLI,GEN,11,59.68,41.61,
Maharashtra,2009,1,KHATGAONKAR PATIL BHASKARRAO BAPURAO,M,INC,GEN,NANDED,GEN,22,53.83,44.72,INC
Maharashtra,2009,1,ADV. DUDHGAONKAR GANESHRAO NAGORAO,M,SHS,GEN,PARBHANI,GEN,19,54.08,44.26,IND
Maharashtra,2009,1,DANVE RAOSAHEB DADARAO,M,BJP,GEN,JALNA,GEN,19,55.89,44.0,BJP
Maharashtra,2009,1,CHANDRAKANT KHAIRE,M,SHS,GEN,AURANGABAD,GEN,22,51.56,35.0,SHS
Maharashtra,2009,1,CHAVAN HARISHCHANDRA DEORAM,M,BJP,ST,DINDORI,ST,9,47.57,41.26,BJP
Maharashtra,2009,1,SAMEER  BHUJBAL,M,NCP,GEN,NASHIK,GEN,12,45.35,36.34,
Maharashtra,2009,1,JADHAV BALIRAM SUKUR,M,BVA,ST,PALGHAR,ST,8,48.1,30.47,IND
Maharashtra,2009,1,TAWARE SURESH KASHINATH,M,INC,GEN,BHIWANDI,GEN,16,39.39,31.29,
Maharashtra,2009,1,ANAND PRAKASH PARANJAPE,M,SHS,GEN,KALYAN,GEN,20,34.3,39.0,SS
Maharashtra,2009,1,DR.SANJEEV GANESH NAIK,M,NCP,GEN,THANE,GEN,30,41.5,40.14,NCP
Maharashtra,2009,1,SANJAY BRIJKISHORLAL NIRUPAM,M,INC,GEN,MUMBAI NORTH,GEN,23,42.58,37.25,
Maharashtra,2009,1,AD.KAMAT GURUDAS VASANT,M,INC,GEN,MUMBAI NORTH WEST,GEN,21,44.06,35.91,INC
Maharashtra,2009,1,SANJAY DINA PATIL,M,NCP,GEN,MUMBAI NORTH EAST,GEN,16,42.46,31.97,
Maharashtra,2009,1,DUTT PRIYA SUNIL,F,INC,GEN,MUMBAI NORTH CENTRAL,GEN,19,39.52,48.05,INC
Maharashtra,2009,1,EKNATH M. GAIKWAD,M,INC,GEN,MUMBAI SOUTH CENTRAL,GEN,23,39.5,43.0,INC
Maharashtra,2009,1,DEORA MILIND MURLI,M,INC,GEN,MUMBAI   SOUTH,GEN,20,40.36,42.46,INC
Maharashtra,2009,1,ANANT GEETE,M,SHS,GEN,RAIGAD,GEN,7,56.43,53.89,SHS
Maharashtra,2009,1,BABAR GAJANAN DHARMSHI,M,SHS,GEN,MAVAL,GEN,18,44.71,50.84,
Maharashtra,2009,1,KALMADI SURESH,M,INC,GEN,PUNE,GEN,36,40.66,38.11,INC
Maharashtra,2009,1,SUPRIYA SULE,F,NCP,GEN,BARAMATI,GEN,17,46.07,66.46,
Maharashtra,2009,1,ADHALRAO SHIVAJI DATTATRAY,M,SHS,GEN,SHIRUR,GEN,11,51.44,57.54,SHS
Maharashtra,2009,1,GANDHI DILIPKUMAR MANSUKHLAL,M,BJP,GEN,AHMADNAGAR,GEN,15,51.84,39.65,BJP
Maharashtra,2009,1,WAKCHAURE BHAUSAHEB RAJARAM,M,SHS,SC,SHIRDI,SC,17,50.37,54.21,
Maharashtra,2009,1,MUNDE GOPINATHRAO PANDURANG,M,BJP,GEN,BEED,GEN,21,65.6,51.58,
Maharashtra,2009,1,PATIL PADAMSINHA BAJIRAO,M,NCP,GEN,OSMANABAD,GEN,25,57.47,44.22,ICS
Maharashtra,2009,1,AWALE JAYWANT GANGARAM,M,INC,SC,LATUR,SC,18,54.93,44.96,
Maharashtra,2009,1,SHINDE SUSHILKUMAR SAMBHAJIRAO,M,INC,SC,SOLAPUR,SC,13,46.62,52.15,INC
Maharashtra,2009,1,PAWAR SHARADCHANDRA GOVINDRAO,M,NCP,GEN,MADHA,GEN,15,58.99,57.71,NCP
Maharashtra,2009,1,PRATIK PRAKASHBAPU PATIL,M,INC,GEN,SANGLI,GEN,14,52.12,48.74,INC
Maharashtra,2009,1,BHONSLE SHRIMANT CHH. UDYANRAJE PRATAPSINHMAHARAJ,M,NCP,GEN,SATARA,GEN,5,52.82,65.22,
Maharashtra,2009,1,DR.NILESH NARAYAN RANE,M,INC,GEN,RATNAGIRI - SINDHUDURG,GEN,9,57.39,49.24,
Maharashtra,2009,1,SADASHIVRAO DADOBA MANDLIK,M,IND,GEN,KOLHAPUR,GEN,10,64.93,41.65,NCP
Maharashtra,2009,1,SHETTI RAJU ALIAS DEVAPPA ANNA,M,SWP,GEN,HATKANANGLE,GEN,10,67.07,49.17,
Manipur,2009,1,DR. THOKCHOM MEINYA,M,INC,GEN,INNER MANIPUR,GEN,7,70.54,39.59,INC
Manipur,2009,1,THANGSO BAITE,M,INC,ST,OUTER MANIPUR,ST,9,83.14,45.56,
Meghalaya,2009,1,VINCENT H PALA,M,INC,ST,SHILLONG,ST,7,62.23,48.35,
Meghalaya,2009,1,AGATHA K. SANGMA,F,NCP,ST,TURA,ST,4,67.66,45.14,
Mizoram,2009,1,C.L.RUALA,M,INC,ST,MIZORAM,ST,4,51.8,65.58,INC
Nagaland,2009,1,C.M. CHANG,M,NPF,ST,NAGALAND,GEN,3,89.99,69.96,
Odisha,2009,1,SANJAY BHOI,M,INC,GEN,BARGARH,GEN,6,69.65,43.21,INC
Odisha,2009,1,HEMANAND BISWAL,M,INC,ST,SUNDARGARH,ST,9,61.39,36.53,INC
Odisha,2009,1,AMARNATH PRADHAN,M,INC,GEN,SAMBALPUR,GEN,7,64.9,38.09,
Odisha,2009,1,YASHBANT NARAYAN SINGH LAGURI,M,BJD,ST,KEONJHAR,ST,7,70.48,43.63,
Odisha,2009,1,LAXMAN TUDU,M,BJD,ST,MAYURBHANJ,ST,10,70.27,31.12,JD
Odisha,2009,1,SRIKANT KUMAR JENA,M,INC,GEN,BALASORE,GEN,9,70.29,35.18,INC
Odisha,2009,1,ARJUN CHARAN SETHI,M,BJD,SC,BHADRAK,SC,6,67.71,44.86,BJD
Odisha,2009,1,MOHAN JENA,M,BJD,SC,JAJPUR,SC,8,66.59,53.03,BJD
Odisha,2009,1,TATHAGATA SATPATHY,M,BJD,GEN,DHENKANAL,GEN,5,66.74,46.53,BJD
Odisha,2009,1,KALIKESH NARAYAN SINGH DEO,M,BJD,GEN,BOLANGIR,GEN,5,70.11,42.5,
Odisha,2009,1,BHAKTA CHARAN DAS,M,INC,GEN,KALAHANDI,GEN,8,68.81,41.06,INC
Odisha,2009,1,PRADEEP KUMAR MAJHI,M,INC,ST,NABARANGPUR,ST,4,65.14,38.93,
Odisha,2009,1,RUDRAMADHAB RAY,M,BJD,GEN,KANDHAMAL,GEN,9,66.44,44.55,
Odisha,2009,1,BHARTRUHARI MAHTAB,M,BJD,GEN,CUTTACK,GEN,7,63.38,57.17,BJD
Odisha,2009,1,BAIJAYANT PANDA,M,BJD,GEN,KENDRAPARA,GEN,8,68.53,51.13,
Odisha,2009,1,BIBHU PRASAD TARAI,M,CPI,SC,JAGATSINGHPUR,SC,5,67.56,46.5,
Odisha,2009,1,PINAKI MISRA,M,BJD,GEN,PURI,GEN,7,68.8,48.01,INC
Odisha,2009,1,PRASANNA KUMAR PATASANI,M,BJD,GEN,BHUBANESWAR,GEN,13,49.14,56.32,BJD
Odisha,2009,1,NITYANANDA PRADHAN,M,BJD,GEN,ASKA,GEN,9,54.57,59.82,CPI
Odisha,2009,1,SIDHANT MOHAPATRA,M,BJD,GEN,BERHAMPUR,GEN,9,58.87,44.99,
Odisha,2009,1,JAYARAM PANGI,M,BJD,ST,KORAPUT,ST,6,62.38,41.18,BJD
Puducherry,2009,1,NARAYANASAMY,M,INC,GEN,PUDUCHERRY,GEN,28,79.74,49.41,
Punjab,2009,1,PARTAP SINGH BAJWA,M,INC,GEN,GURDASPUR,GEN,13,70.77,48.0,
Punjab,2009,1,NAVJOT SINGH SIDHU,M,BJP,GEN,AMRITSAR,GEN,14,65.63,48.13,BJP
Punjab,2009,1,DR. RATTAN SINGH AJNALA,M,SAD,GEN,KHADOOR SAHIB,GEN,15,70.64,49.44,SAD
Punjab,2009,1,MOHINDER SINGH KAYPEE,M,INC,SC,JALANDHAR,SC,15,67.15,45.36,
Punjab,2009,1,SANTOSH CHOWDHARY,F,INC,SC,HOSHIARPUR,SC,12,64.9,42.55,INC
Punjab,2009,1,RAVNEET SINGH,M,INC,GEN,ANANDPUR SAHIB,GEN,14,67.58,44.75,
Punjab,2009,1,MANISH TEWARI,M,INC,GEN,LUDHIANA,GEN,30,64.64,53.08,INC
Punjab,2009,1,SUKHDEV SINGH,M,INC,SC,FATEHGARH SAHIB,SC,11,69.41,46.96,
Punjab,2009,1,PARAMJIT KAUR GULSHAN,F,SAD,SC,FARIDKOT,SC,15,72.24,49.19,SAD
Punjab,2009,1,SHER SINGH GHUBAYA,M,SAD,SC,FEROZPUR,GEN,27,71.28,47.12,
Punjab,2009,1,HARSIMRAT KAUR BADAL,F,SAD,GEN,BATHINDA,GEN,22,78.41,50.51,
Punjab,2009,1,VIJAY INDER SINGLA,M,INC,GEN,SANGRUR,GEN,16,74.41,38.52,
Punjab,2009,1,PRENEET KAUR,F,INC,GEN,PATIALA,GEN,14,69.6,50.66,INC
Rajasthan,2009,1,BHARAT RAM MEGHWAL,M,INC,SC,GANGANAGAR,SC,15,60.97,52.39,
Rajasthan,2009,1,ARJUN RAM MEGHWAL,M,BJP,SC,BIKANER,SC,10,41.25,42.92,
Rajasthan,2009,1,RAM SINGH KASWAN,M,BJP,GEN,CHURU,GEN,15,52.37,46.94,BJP
Rajasthan,2009,1,SHEESH RAM OLA,M,INC,GEN,JHUNJHUNU,GEN,13,42.01,50.89,INC
Rajasthan,2009,1,MAHADEV SINGH,M,INC,GEN,SIKAR,GEN,16,48.1,44.79,
Rajasthan,2009,1,LAL CHAND KATARIA,M,INC,GEN,JAIPUR RURAL,GEN,21,47.52,40.53,
Rajasthan,2009,1,MAHESH JOSHI,M,INC,GEN,JAIPUR,GEN,25,48.26,48.89,
Rajasthan,2009,1,JITENDRA SINGH,M,INC,GEN,ALWAR,GEN,16,55.53,59.02,
Rajasthan,2009,1,RATAN SINGH,M,INC,SC,BHARATPUR,SC,14,39.02,53.76,
Rajasthan,2009,1,KHILADI LAL BAIRWA,M,INC,SC,KARAULI-DHOLPUR,SC,16,37.38,44.3,
Rajasthan,2009,1,KIRODI LAL,M,IND,ST,DAUSA,ST,14,63.94,51.54,BJP
Rajasthan,2009,1,NAMO NARAIN,M,INC,GEN,TONK-SAWAI MADHOPUR,GEN,17,53.12,46.82,INC
Rajasthan,2009,1,SACHIN PILOT,M,INC,GEN,AJMER,GEN,8,52.99,52.59,INC
Rajasthan,2009,1,DR. JYOTI MIRDHA,F,INC,GEN,NAGAUR,GEN,8,41.03,54.64,
Rajasthan,2009,1,BADRI RAM JAKHAR,M,INC,GEN,PALI,GEN,14,42.96,53.62,INC
Rajasthan,2009,1,CHANDRESH KUMARI,F,INC,GEN,JODHPUR,GEN,14,45.23,53.06,INC
Rajasthan,2009,1,HARISH CHOUDHARY,M,INC,GEN,BARMER,GEN,7,54.47,53.04,
Rajasthan,2009,1,DEVJI PATEL,M,BJP,GEN,JALORE,GEN,22,37.98,33.67,
Rajasthan,2009,1,RAGHUVIR SINGH MEENA,M,INC,ST,UDAIPUR,ST,8,48.48,54.27,
Rajasthan,2009,1,TARACHAND BHAGORA,M,INC,ST,BANSWARA,ST,7,52.73,53.75,INC
Rajasthan,2009,1,(DR.)GIRIJA VYAS,F,INC,GEN,CHITTORGARH,GEN,15,49.63,50.28,INC
Rajasthan,2009,1,GOPAL SINGH,M,INC,GEN,RAJSAMAND,GEN,13,39.68,49.82,
Rajasthan,2009,1,DR. C. P. JOSHI,M,INC,GEN,BHILWARA,GEN,10,50.54,54.76,
Rajasthan,2009,1,IJYARAJ SINGH,M,INC,GEN,KOTA,GEN,14,45.48,52.87,
Rajasthan,2009,1,DUSHYANT SINGH,M,BJP,GEN,JHALAWAR-BARAN,GEN,14,60.25,49.22,BJP
Sikkim,2009,1,PREM DAS RAI,M,SDF,GEN,SIKKIM,GEN,7,83.75,63.3,
Tamil_Nadu,2009,1,VENUGOPAL.P,M,ADMK,SC,THIRUVALLUR,SC,14,70.55,43.35,ADMK
Tamil_Nadu,2009,1,ELANGOVAN T.K.S,M,DMK,GEN,CHENNAI NORTH,GEN,29,64.91,42.59,
Tamil_Nadu,2009,1,RAJENDRAN C,M,ADMK,GEN,CHENNAI SOUTH,GEN,43,62.66,42.38,
Tamil_Nadu,2009,1,DAYANIDHI MARAN,M,DMK,GEN,CHENNAI CENTRAL,GEN,37,60.99,46.82,DMK
Tamil_Nadu,2009,1,BAALU T R,M,DMK,GEN,SRIPERUMBUDUR,GEN,32,66.1,44.41,DMK
Tamil_Nadu,2009,1,VISWANATHAN.P,M,INC,SC,KANCHEEPURAM,SC,20,74.22,41.97,
Tamil_Nadu,2009,1,JAGATHRAKSHAKAN,M,DMK,GEN,ARAKKONAM,GEN,20,77.65,48.65,DMK
Tamil_Nadu,2009,1,ABDUL RAHMAN,M,DMK,GEN,VELLORE,GEN,24,71.63,49.82,
Tamil_Nadu,2009,1,SUGAVANAM. E.G.,M,DMK,GEN,KRISHNAGIRI,GEN,16,74.16,44.64,DMK
Tamil_Nadu,2009,1,THAMARAISELVAN. R,M,DMK,GEN,DHARMAPURI,GEN,21,72.75,47.01,
Tamil_Nadu,2009,1,VENUGOPAL.D,M,DMK,GEN,TIRUVANNAMALAI,GEN,30,79.86,51.97,DMK
Tamil_Nadu,2009,1,KRISHNASSWAMY M,M,INC,GEN,ARANI,GEN,13,76.62,47.16,INC
Tamil_Nadu,2009,1,ANANDAN M,M,ADMK,SC,VILUPPURAM,SC,19,74.56,38.53,
Tamil_Nadu,2009,1,SANKAR ADHI,M,DMK,GEN,KALLAKURICHI,GEN,29,77.28,42.53,DMK
Tamil_Nadu,2009,1,SEMMALAI S,M,ADMK,GEN,SALEM,GEN,23,76.42,42.48,
Tamil_Nadu,2009,1,GANDHISELVAN.S,M,DMK,GEN,NAMAKKAL,GEN,25,78.59,43.95,
Tamil_Nadu,2009,1,GANESHAMURTHI.A.,M,MDMK,GEN,ERODE,GEN,25,75.93,37.05,MDMK
Tamil_Nadu,2009,1,SIVASAMI C,M,ADMK,GEN,TIRUPPUR,GEN,21,74.64,39.87,
Tamil_Nadu,2009,1,RAJA A,M,DMK,SC,NILGIRIS,SC,14,70.75,44.64,DMK
Tamil_Nadu,2009,1,NATARAJAN.P.R.,M,CPM,GEN,COIMBATORE,GEN,25,70.81,35.58,CPM
Tamil_Nadu,2009,1,SUGUMAR.K,M,ADMK,GEN,POLLACHI,GEN,22,75.8,39.66,
Tamil_Nadu,2009,1,CHITTHAN N S V,M,INC,GEN,DINDIGUL,GEN,19,75.58,44.06,INC
Tamil_Nadu,2009,1,THAMBIDURAI.M,M,ADMK,GEN,KARUR,GEN,38,81.43,46.14,ADMK
Tamil_Nadu,2009,1,KUMAR.P,M,ADMK,GEN,TIRUCHIRAPPALLI,GEN,24,67.3,41.59,
Tamil_Nadu,2009,1,"NAPOLEON,D.",M,DMK,GEN,PERAMBALUR,GEN,21,79.33,47.91,
Tamil_Nadu,2009,1,ALAGIRI S,M,INC,GEN,CUDDALORE,GEN,11,76.0,42.76,
Tamil_Nadu,2009,1,"THIRUMAAVALAVAN, THOL",M,VCK,SC,CHIDAMBARAM,SC,13,77.18,49.3,JD(U)
Tamil_Nadu,2009,1,MANIYAN O.S.,M,ADMK,GEN,MAYILADUTHURAI,GEN,23,73.25,45.54,ADMK
Tamil_Nadu,2009,1,VIJAYAN A K S,M,DMK,SC,NAGAPATTINAM,SC,7,77.67,48.48,DMK
Tamil_Nadu,2009,1,PALANIMANICKAM.S.S,M,DMK,GEN,THANJAVUR,GEN,13,76.63,50.55,DMK
Tamil_Nadu,2009,1,CHIDAMBARAM  P,M,INC,GEN,SIVAGANGA,GEN,20,70.97,43.13,INC
Tamil_Nadu,2009,1,ALAGIRI M.K,M,DMK,GEN,MADURAI,GEN,12,77.43,54.48,
Tamil_Nadu,2009,1,AARON RASHID.J.M,M,INC,GEN,THENI,GEN,22,74.47,42.54,INC
Tamil_Nadu,2009,1,MANICKA TAGORE,M,INC,GEN,VIRUDHUNAGAR,GEN,16,77.38,40.02,
Tamil_Nadu,2009,1,SIVAKUMAR @ J.K. RITHEESH. K,M,DMK,GEN,RAMANATHAPURAM,GEN,15,68.63,37.92,
Tamil_Nadu,2009,1,JEYADURAI.S.R,M,DMK,GEN,THOOTHUKKUDI,GEN,15,69.13,47.4,
Tamil_Nadu,2009,1,LINGAM P,M,CPI,SC,TENKASI,SC,9,70.14,37.69,
Tamil_Nadu,2009,1,RAMASUBBU S,M,INC,GEN,TIRUNELVELI,GEN,21,66.13,39.23,
Tamil_Nadu,2009,1,HELEN DAVIDSON  J,F,DMK,GEN,KANNIYAKUMARI,GEN,22,64.99,41.81,
Tripura,2009,1,KHAGEN DAS,M,CPM,GEN,TRIPURA WEST,GEN,10,85.71,60.14,CPM
Tripura,2009,1,BAJU BAN RIYAN,M,CPM,ST,TRIPURA EAST,ST,9,83.06,63.47,CPM
Uttar_Pradesh,2009,1,JAGDISH SINGH RANA,M,BSP,GEN,SAHARANPUR,GEN,15,63.25,43.21,
Uttar_Pradesh,2009,1,TABASSUM BEGUM,F,BSP,GEN,KAIRANA,GEN,15,56.55,39.05,
Uttar_Pradesh,2009,1,KADIR RANA,M,BSP,GEN,MUZAFFARNAGAR,GEN,23,54.37,36.96,
Uttar_Pradesh,2009,1,SANJAY SINGH CHAUHAN,M,RLD,GEN,BIJNOR,GEN,23,54.98,34.57,
Uttar_Pradesh,2009,1,YASHVIR SINGH,M,SP,SC,NAGINA,SC,14,53.78,36.49,
Uttar_Pradesh,2009,1,MOHAMMED AZHARUDDIN,M,INC,GEN,MORADABAD,GEN,18,54.8,39.59,
Uttar_Pradesh,2009,1,JAYA PRADA NAHATA,F,SP,GEN,RAMPUR,GEN,16,52.5,38.06,SP
Uttar_Pradesh,2009,1,DR. SHAFIQUR RAHMAN BARQ,M,BSP,GEN,SAMBHAL,GEN,11,52.83,30.42,SP
Uttar_Pradesh,2009,1,DEVENDRA NAGPAL,M,RLD,GEN,AMROHA,GEN,20,60.17,40.09,
Uttar_Pradesh,2009,1,RAJENDRA AGARWAL,M,BJP,GEN,MEERUT,GEN,29,48.23,31.9,IND
Uttar_Pradesh,2009,1,AJIT SINGH,M,RLD,GEN,BAGHPAT,GEN,16,47.93,38.88,RLD
Uttar_Pradesh,2009,1,RAJNATH SINGH,M,BJP,GEN,GHAZIABAD,GEN,16,45.3,43.34,
Uttar_Pradesh,2009,1,SURENDRA SINGH NAGAR,M,BSP,GEN,GAUTAM BUDDH NAGAR,GEN,26,48.54,33.24,
Uttar_Pradesh,2009,1,KAMLESH,M,SP,SC,BULANDSHAHR,SC,16,45.08,35.34,
Uttar_Pradesh,2009,1,RAJ KUMARI CHAUHAN,F,BSP,GEN,ALIGARH,GEN,23,51.44,27.95,
Uttar_Pradesh,2009,1,SARIKA SINGH,F,RLD,SC,HATHRAS,SC,10,45.1,38.23,
Uttar_Pradesh,2009,1,JAYANT CHAUDHARY,M,RLD,GEN,MATHURA,GEN,16,54.15,52.29,
Uttar_Pradesh,2009,1,DR. RAMSHANKAR,M,BJP,SC,AGRA,SC,15,42.03,31.48,
Uttar_Pradesh,2009,1,SEEMA UPADHYAY,F,BSP,GEN,FATEHPUR SIKRI,GEN,14,51.56,30.19,
Uttar_Pradesh,2009,1,AKHILESH YADAV,M,SP,GEN,FIROZABAD,GEN,16,48.16,41.91,SP
Uttar_Pradesh,2009,1,MULAYAM SINGH YADAV,M,SP,GEN,MAINPURI,GEN,15,49.67,56.44,SP
Uttar_Pradesh,2009,1,KALYAN SINGH R O MADHOLI,M,IND,GEN,ETAH,GEN,19,44.41,48.57,BJP
Uttar_Pradesh,2009,1,DHARMENDRA YADAV,M,SP,GEN,BADAUN,GEN,10,52.45,31.7,SP
Uttar_Pradesh,2009,1,MENKA GANDHI,F,BJP,GEN,AONLA,GEN,13,53.74,30.73,BJP
Uttar_Pradesh,2009,1,PRAVEEN SINGH ARON,M,INC,GEN,BAREILLY,GEN,8,50.36,31.31,INC
Uttar_Pradesh,2009,1,FEROZE VARUN GANDHI,M,BJP,GEN,PILIBHIT,GEN,16,63.94,50.09,
Uttar_Pradesh,2009,1,MITHLESH,M,SP,SC,SHAHJAHANPUR,SC,15,48.68,32.43,
Uttar_Pradesh,2009,1,ZAFAR ALI NAQVI,M,INC,GEN,KHERI,GEN,12,54.58,26.13,
Uttar_Pradesh,2009,1,KUNWAR JITIN PRASAD,M,INC,GEN,DHAURAHRA,GEN,12,59.83,51.53,INC
Uttar_Pradesh,2009,1,KAISAR JAHAN,F,BSP,GEN,SITAPUR,GEN,16,57.31,34.2,
Uttar_Pradesh,2009,1,USHA VERMA,F,SP,SC,HARDOI,SC,11,40.55,51.17,SP
Uttar_Pradesh,2009,1,ASHOK KUMAR RAWAT,M,BSP,SC,MISRIKH,SC,13,41.48,34.17,BSP
Uttar_Pradesh,2009,1,ANNUTANDON,F,INC,GEN,UNNAO,GEN,21,49.73,52.57,
Uttar_Pradesh,2009,1,SUSHILA  SAROJ,F,SP,SC,MOHANLALGANJ,SC,7,46.28,36.93,SP
Uttar_Pradesh,2009,1,LAL JI TANDON,M,BJP,GEN,LUCKNOW,GEN,41,35.33,34.93,BJP
Uttar_Pradesh,2009,1,SONIA GANDHI,F,INC,GEN,RAE BARELI,GEN,16,48.33,72.23,INC
Uttar_Pradesh,2009,1,RAHUL GANDHI,M,INC,GEN,AMETHI,GEN,16,45.16,71.78,INC
Uttar_Pradesh,2009,1,DR.SANJAY SINGH,M,INC,GEN,SULTANPUR,GEN,16,49.47,42.44,BJP
Uttar_Pradesh,2009,1,RAJKUMARI RATNA SINGH,F,INC,GEN,PRATAPGARH,GEN,23,44.66,26.39,INC
Uttar_Pradesh,2009,1,SALMAN KHURSHEED,M,INC,GEN,FARRUKHABAD,GEN,16,46.78,27.72,INC
Uttar_Pradesh,2009,1,PREMDAS,M,SP,SC,ETAWAH,SC,13,45.02,43.7,
Uttar_Pradesh,2009,1,AKHILESH YADAV,M,SP,GEN,KANNAUJ,GEN,16,49.32,45.52,SP
Uttar_Pradesh,2009,1,SRI PRAKASH JAISWAL,M,INC,GEN,KANPUR,GEN,18,36.9,41.92,INC
Uttar_Pradesh,2009,1,RAJARAM PAL,M,INC,GEN,AKBARPUR,GEN,17,43.62,30.22,BSKP
Uttar_Pradesh,2009,1,GHANSYAM ANURAGI,M,SP,SC,JALAUN,SC,16,47.33,35.49,
Uttar_Pradesh,2009,1,PRADEEP KUMAR JAIN (ADITYA),M,INC,GEN,JHANSI,GEN,18,55.17,29.32,
Uttar_Pradesh,2009,1,VIJAY BAHADUR SINGH,M,BSP,GEN,HAMIRPUR,GEN,16,48.4,27.45,
Uttar_Pradesh,2009,1,R. K. SINGH PATEL,M,SP,GEN,BANDA,GEN,15,44.67,38.91,BSP
Uttar_Pradesh,2009,1,RAKESH SACHAN,M,SP,GEN,FATEHPUR,GEN,18,45.19,31.53,
Uttar_Pradesh,2009,1,SHAILENDRA KUMAR,M,SP,SC,KAUSHAMBI,SC,10,39.63,44.71,SP
Uttar_Pradesh,2009,1,KAPIL MUNI KARWARIYA,M,BSP,GEN,PHULPUR,GEN,24,38.69,30.36,
Uttar_Pradesh,2009,1,KUNWAR REWATI RAMAN SINGH ALIAS MANI JI,M,SP,GEN,ALLAHABAD,GEN,31,43.41,38.06,SP
Uttar_Pradesh,2009,1,P.L.PUNIA,M,INC,SC,BARABANKI,SC,15,52.27,44.18,
Uttar_Pradesh,2009,1,NIRMAL KHATRI,M,INC,GEN,FAIZABAD,GEN,23,49.94,28.24,INC
Uttar_Pradesh,2009,1,RAKESH PANDEY,M,BSP,GEN,AMBEDKAR NAGAR,GEN,22,54.24,32.0,
Uttar_Pradesh,2009,1,KAMAL KISHOR,M,INC,SC,BAHRAICH,SC,13,41.12,31.21,INC
Uttar_Pradesh,2009,1,BRIJBHUSHAN SHARAN SINGH,M,SP,GEN,KAISERGANJ,GEN,23,41.1,34.66,BJP
Uttar_Pradesh,2009,1,VINAY KUMAR ALIAS VINNU,M,INC,GEN,SHRAWASTI,GEN,11,43.06,33.29,
Uttar_Pradesh,2009,1,BENI PRASAD VERMA,M,INC,GEN,GONDA,GEN,25,45.12,25.72,SP
Uttar_Pradesh,2009,1,JAGDAMBIKA PAL,M,INC,GEN,DOMARIYAGANJ,GEN,16,49.07,31.24,INC
Uttar_Pradesh,2009,1,ARVIND KUMAR CHAUDHARY,M,BSP,GEN,BASTI,GEN,16,49.26,34.72,
Uttar_Pradesh,2009,1,BHISMA SHANKAR ALIAS KUSHAL TIWARI,M,BSP,GEN,SANT KABIR NAGAR,GEN,24,47.27,26.35,BSP
Uttar_Pradesh,2009,1,HARSH VARDHAN,M,INC,GEN,MAHARAJGANJ,GEN,15,55.61,36.4,INC
Uttar_Pradesh,2009,1,ADITYANATH,M,BJP,GEN,GORAKHPUR,GEN,26,44.13,53.85,BJP
Uttar_Pradesh,2009,1,KU. RATANJEET PRATAP NARAYAN SINGH,M,INC,GEN,KUSHI NAGAR,GEN,18,50.83,30.63,INC
Uttar_Pradesh,2009,1,GORAKH PRASAD JAISWAL,M,BSP,GEN,DEORIA,GEN,12,45.26,30.73,
Uttar_Pradesh,2009,1,KAMLESH PASWAN,M,BJP,SC,BANSGAON,SC,15,39.02,34.35,
Uttar_Pradesh,2009,1,DR. BALIRAM,M,BSP,SC,LALGANJ,SC,11,43.62,31.59,BSP
Uttar_Pradesh,2009,1,RAMAKANT YADAV,M,BJP,GEN,AZAMGARH,GEN,16,44.64,35.13,BJP
Uttar_Pradesh,2009,1,DARA SINGH CHAUHAN,M,BSP,GEN,GHOSI,GEN,16,45.23,28.82,SP
Uttar_Pradesh,2009,1,RAMASHANKAR RAJBHAR,M,BSP,GEN,SALEMPUR,GEN,25,39.21,27.54,
Uttar_Pradesh,2009,1,NEERAJ SHEKHAR,M,SP,GEN,BALLIA,GEN,16,40.36,40.82,SP
Uttar_Pradesh,2009,1,DHANANJAY SINGH,M,BSP,GEN,JAUNPUR,GEN,16,45.96,39.61,LJNSP
Uttar_Pradesh,2009,1,TUFANI SAROJ,M,SP,SC,MACHHLISHAHR,SC,16,40.99,31.09,SP
Uttar_Pradesh,2009,1,RADHEY MOHAN SINGH,M,SP,GEN,GHAZIPUR,GEN,15,50.43,49.22,
Uttar_Pradesh,2009,1,RAMKISHUN,M,SP,GEN,CHANDAULI,GEN,18,46.39,26.85,
Uttar_Pradesh,2009,1,DR. MURLI MANOHAR JOSHI,M,BJP,GEN,VARANASI,GEN,15,42.61,30.52,BJP
Uttar_Pradesh,2009,1,GORAKHNATH,M,BSP,GEN,BHADOHI,GEN,13,43.35,29.73,
Uttar_Pradesh,2009,1,BAL KUMAR PATEL,M,SP,GEN,MIRZAPUR,GEN,27,52.14,29.87,
Uttar_Pradesh,2009,1,PAKAURI LAL,M,SP,SC,ROBERTSGANJ,SC,10,49.01,36.36,SP
Uttarakhand,2009,1,VIJAY BAHUGUNA,M,INC,GEN,TEHRI GARHWAL,GEN,18,50.36,45.04,INC
Uttarakhand,2009,1,SATPAL MAHARAJ,M,INC,GEN,GARHWAL,GEN,13,48.85,44.41,INC
Uttarakhand,2009,1,PRADEEP TAMTA,M,INC,SC,ALMORA,SC,10,45.47,41.77,
Uttarakhand,2009,1,K.C. SINGH BABA,M,INC,GEN,NAINITAL-UDHAMSINGH NAGAR,GEN,14,58.69,42.64,INC
Uttarakhand,2009,1,HARISH RAWAT,M,INC,GEN,HARDWAR,GEN,21,60.88,42.16,INC
West_Bengal,2009,1,NRIPENDRA NATH ROY,M,AIFB,SC,COOCH BEHAR,SC,10,84.35,44.66,
West_Bengal,2009,1,MANOHAR TIRKEY,M,RSP,ST,ALIPURDUARS,ST,9,75.96,41.22,
West_Bengal,2009,1,MAHENDRA KUMAR ROY,M,CPM,SC,JALPAIGURI,SC,10,82.36,45.54,
West_Bengal,2009,1,JASWANT SINGH,M,BJP,GEN,DARJEELING,GEN,10,79.51,51.5,BJP
West_Bengal,2009,1,DEEPA DASMUNSI,F,INC,GEN,RAIGANJ,GEN,12,81.05,50.29,
West_Bengal,2009,1,PRASANTA KUMAR MAJUMDAR,M,RSP,GEN,BALURGHAT,GEN,8,86.65,44.38,
West_Bengal,2009,1,MAUSAM NOOR,F,INC,GEN,MALDAHA UTTAR,GEN,9,83.69,47.78,
West_Bengal,2009,1,ABU HASEM KHAN CHOUDHURY,M,INC,GEN,MALDAHA DAKSHIN,GEN,9,78.84,53.45,INC
West_Bengal,2009,1,PRANAB MUKHERJEE,M,INC,GEN,JANGIPUR,GEN,5,85.95,54.24,INC
West_Bengal,2009,1,ADHIR RANJAN CHOWDHURY,M,INC,GEN,BAHARAMPUR,GEN,8,80.7,56.91,INC
West_Bengal,2009,1,ABDUL MANNAN HOSSAIN,M,INC,GEN,MURSHIDABAD,GEN,11,88.14,47.21,INC
West_Bengal,2009,1,TAPAS PAUL,M,AITC,GEN,KRISHNANAGAR,GEN,9,85.5,42.43,
West_Bengal,2009,1,SUCHARU RANJAN HALDAR,M,AITC,SC,RANAGHAT,SC,6,86.29,50.13,
West_Bengal,2009,1,GOBINDA CHANDRA NASKAR,M,AITC,SC,BANGAON,SC,7,86.47,50.69,AITC
West_Bengal,2009,1,DINESH TRIVEDI,M,AITC,GEN,BARRACKPORE,GEN,10,80.46,49.28,
West_Bengal,2009,1,SOUGATA RAY,M,AITC,GEN,DUM DUM,GEN,6,80.49,47.04,AITC
West_Bengal,2009,1,KAKALI GHOSH DASTIDAR,F,AITC,GEN,BARASAT,GEN,8,83.6,50.95,AITC
West_Bengal,2009,1,SK. NURUL ISLAM,M,AITC,GEN,BASIRHAT,GEN,8,86.62,46.2,
West_Bengal,2009,1,DR. TARUN MONDAL,M,IND,SC,JOYNAGAR,SC,8,80.08,48.72,
West_Bengal,2009,1,CHOUDHURY MOHAN JATUA,M,AITC,SC,MATHURAPUR,SC,7,85.4,53.95,
West_Bengal,2009,1,SOMENDRA NATH MITRA,M,AITC,GEN,DIAMOND HARBOUR,GEN,10,80.94,53.56,
West_Bengal,2009,1,KABIR SUMAN,M,AITC,GEN,JADAVPUR,GEN,10,81.47,49.84,
West_Bengal,2009,1,MAMATA BANERJEE,F,AITC,GEN,KOLKATA DAKSHIN,GEN,13,66.9,57.19,AITC
West_Bengal,2009,1,SUDIP BANDYOPADHYAY,M,AITC,GEN,KOLKATA UTTAR,GEN,13,64.2,52.5,IND
West_Bengal,2009,1,AMBICA BANERJEE,M,AITC,GEN,HOWRAH,GEN,15,73.91,48.04,INC
West_Bengal,2009,1,SULTAN AHMED,M,AITC,GEN,ULUBERIA,GEN,9,80.68,50.92,AITC
West_Bengal,2009,1,KALYAN BANERJEE,M,AITC,GEN,SRERAMPUR,GEN,8,77.49,52.68,
West_Bengal,2009,1,DR. RATNA DE (NAG),F,AITC,GEN,HOOGHLY,GEN,9,82.71,49.37,
West_Bengal,2009,1,MALIK SAKTI MOHAN,M,CPM,SC,ARAMBAGH,SC,5,84.58,54.18,
West_Bengal,2009,1,ADHIKARI SUVENDU,M,AITC,GEN,TAMLUK,GEN,9,90.32,55.54,AITC
West_Bengal,2009,1,ADHIKARI SISIR KUMAR,M,AITC,GEN,KANTHI,GEN,4,89.97,53.96,INC
West_Bengal,2009,1,GURUDAS DASGUPTA,M,CPI,GEN,GHATAL,GEN,7,86.35,53.5,CPI
West_Bengal,2009,1,PULIN BIHARI BASKE,M,CPM,ST,JHARGRAM,ST,8,77.19,56.89,
West_Bengal,2009,1,PRABODH PANDA,M,CPI,GEN,MEDINIPUR,GEN,10,82.54,47.29,CPI
West_Bengal,2009,1,NARAHARI MAHATO,M,AIFB,GEN,PURULIA,GEN,14,71.91,44.13,AIFB
West_Bengal,2009,1,ACHARIA BASUDEB,M,CPM,GEN,BANKURA,GEN,11,77.62,47.66,CPM
West_Bengal,2009,1,SUSMITA BAURI,F,CPM,SC,BISHNUPUR,SC,7,85.15,51.33,CPM
West_Bengal,2009,1,ANUP KUMAR SAHA,M,CPM,SC,BARDHAMAN PURBA,SC,7,87.21,47.31,
West_Bengal,2009,1,SK. SAIDUL HAQUE,M,CPM,GEN,BURDWAN - DURGAPUR,GEN,8,83.87,50.52,
West_Bengal,2009,1,BANSA GOPAL CHOWDHURY,M,CPM,GEN,ASANSOL,GEN,7,71.49,48.69,CPM
West_Bengal,2009,1,DOCTOR RAM CHANDRA DOME,M,CPM,SC,BOLPUR,SC,7,82.49,49.91,CPM
West_Bengal,2009,1,SATABDI ROY,F,AITC,GEN,BIRBHUM,GEN,7,83.27,47.82,
Uttar_Pradesh,2009,1,Raj Babbar,M,INC,GEN,FIROZABAD,GEN,16,55.33,39.73,INC
